<option type="enum" id="opt/foo2qpdl-PageSize">
    <arg_longname> <en>Page Size</en> </arg_longname>
    <arg_shortname> <en>PageSize</en> </arg_shortname>
    <arg_execution>
	<arg_group>General</arg_group>
	<arg_order>135</arg_order>
	<arg_spot>A</arg_spot>
	<arg_required />
	<arg_substitution />
	<arg_proto>-p%s </arg_proto>
    </arg_execution>
    <constraints>
	<constraint sense="true">
	<driver>foo2qpdl</driver>
	<arg_defval>ev/foo2qpdl-PageSize-0</arg_defval>
	</constraint>
    </constraints>
    <enum_vals>
	<enum_val id="ev/foo2qpdl-PageSize-0">
	    <ev_longname> <en>Letter</en> </ev_longname>
	    <ev_shortname> <en>Letter</en> </ev_shortname>
	    <ev_driverval>0</ev_driverval>
	</enum_val>
	<enum_val id="ev/foo2qpdl-PageSize-1">
	    <ev_longname> <en>Legal</en> </ev_longname>
	    <ev_shortname> <en>Legal</en> </ev_shortname>
	    <ev_driverval>1</ev_driverval>
	</enum_val>
	<enum_val id="ev/foo2qpdl-PageSize-2">
	    <ev_longname> <en>A4</en> </ev_longname>
	    <ev_shortname> <en>A4</en> </ev_shortname>
	    <ev_driverval>2</ev_driverval>
	</enum_val>
	<enum_val id="ev/foo2qpdl-PageSize-3">
	    <ev_longname> <en>Executive</en> </ev_longname>
	    <ev_shortname> <en>Executive</en> </ev_shortname>
	    <ev_driverval>3</ev_driverval>
	</enum_val>
	<enum_val id="ev/foo2qpdl-PageSize-16">
	    <ev_longname> <en>A5</en> </ev_longname>
	    <ev_shortname> <en>A5</en> </ev_shortname>
	    <ev_driverval>16</ev_driverval>
	</enum_val>
	<enum_val id="ev/foo2qpdl-PageSize-11">
	    <ev_longname> <en>B5 (JIS)</en> </ev_longname>
	    <ev_shortname> <en>B5jis</en> </ev_shortname>
	    <ev_driverval>11</ev_driverval>
	</enum_val>
	<enum_val id="ev/foo2qpdl-PageSize-12">
	    <ev_longname> <en>B5 (ISO)</en> </ev_longname>
	    <ev_shortname> <en>B5iso</en> </ev_shortname>
	    <ev_driverval>12</ev_driverval>
	</enum_val>
	<enum_val id="ev/foo2qpdl-PageSize-7">
	    <ev_longname> <en>Env Monarch</en> </ev_longname>
	    <ev_shortname> <en>EnvMonarch</en> </ev_shortname>
	    <ev_driverval>7</ev_driverval>
	</enum_val>
	<enum_val id="ev/foo2qpdl-PageSize-6">
	    <ev_longname> <en>Env #10</en> </ev_longname>
	    <ev_shortname> <en>Env10</en> </ev_shortname>
	    <ev_driverval>6</ev_driverval>
	</enum_val>
	<enum_val id="ev/foo2qpdl-PageSize-9">
	    <ev_longname> <en>Env DL</en> </ev_longname>
	    <ev_shortname> <en>EnvDL</en> </ev_shortname>
	    <ev_driverval>9</ev_driverval>
	</enum_val>
	<enum_val id="ev/foo2qpdl-PageSize-8">
	    <ev_longname> <en>Env C5</en> </ev_longname>
	    <ev_shortname> <en>EnvC5</en> </ev_shortname>
	    <ev_driverval>8</ev_driverval>
	</enum_val>
	<enum_val id="ev/foo2qpdl-PageSize-17">
	    <ev_longname> <en>A6</en> </ev_longname>
	    <ev_shortname> <en>A6</en> </ev_shortname>
	    <ev_driverval>17</ev_driverval>
	</enum_val>
	<enum_val id="ev/foo2qpdl-PageSize-23">
	    <ev_longname> <en>Env C6</en> </ev_longname>
	    <ev_shortname> <en>EnvC6</en> </ev_shortname>
	    <ev_driverval>23</ev_driverval>
	</enum_val>
	<enum_val id="ev/foo2qpdl-PageSize-24">
	    <ev_longname> <en>Folio</en> </ev_longname>
	    <ev_shortname> <en>Folio</en> </ev_shortname>
	    <ev_driverval>24</ev_driverval>
	</enum_val>
    <!-- A multilingual <comments> block can appear here, too;
	<enum_val id="ev/foo2qpdl-PageSize-25">
	    <ev_longname> <en>Env 6.75</en> </ev_longname>
	    <ev_shortname> <en>Env6.75</en> </ev_shortname>
	    <ev_driverval>25</ev_driverval>
	</enum_val>
	<enum_val id="ev/foo2qpdl-PageSize-26">
	    <ev_longname> <en>Env #9</en> </ev_longname>
	    <ev_shortname> <en>Env9</en> </ev_shortname>
	    <ev_driverval>26</ev_driverval>
	</enum_val>
	<enum_val id="ev/foo2qpdl-PageSize-28">
	    <ev_longname> <en>Oficio</en> </ev_longname>
	    <ev_shortname> <en>Oficio</en> </ev_shortname>
	    <ev_driverval>28</ev_driverval>
	</enum_val>
       it should be treated as documentation for the user. -->
	<enum_val id="ev/foo2qpdl-PageSize-Custom">
	    <ev_longname> <en>Custom</en> </ev_longname>
	    <ev_shortname> <en>Custom</en> </ev_shortname>
	    <ev_driverval>Custom.%0x%1</ev_driverval>
	</enum_val>
    </enum_vals>
</option>
