<!--
    foo2zjs, foo2oak, foo2hp, foo2zqz
-->
<option type="enum" id="opt/foo2oakzjs-PageSize">
    <!-- A multilingual <comments> block can appear here, too;
       it should be treated as documentation for the user. -->
    <arg_longname> <en>Page Size</en> </arg_longname>
    <arg_shortname> <en>PageSize</en> </arg_shortname>
    <arg_execution>
	<arg_group>General</arg_group>
	<arg_order>135</arg_order>
	<arg_spot>A</arg_spot>
	<arg_required />
	<arg_substitution />
	<arg_proto>-p%s </arg_proto>
    </arg_execution>
    <constraints>
	<constraint sense="true">
	    <driver>foo2zjs</driver>
	    <arg_defval>ev/foo2oakzjs-PageSize-1</arg_defval>
	</constraint>
	<constraint sense="true">
	    <driver>foo2oak</driver>
	    <arg_defval>ev/foo2oakzjs-PageSize-1</arg_defval>
	</constraint>
	<constraint sense="true">
	    <driver>foo2hp</driver>
	    <arg_defval>ev/foo2oakzjs-PageSize-1</arg_defval>
	</constraint>
	<constraint sense="true">
	    <driver>foo2xqx</driver>
	    <arg_defval>ev/foo2oakzjs-PageSize-1</arg_defval>
	</constraint>
    </constraints>
    <enum_vals>
	<enum_val id="ev/foo2oakzjs-PageSize-1">
	    <ev_longname> <en>Letter</en> </ev_longname>
	    <ev_shortname> <en>Letter</en> </ev_shortname>
	    <ev_driverval>1</ev_driverval>
	</enum_val>
	<enum_val id="ev/foo2oakzjs-PageSize-5">
	    <ev_longname> <en>Legal</en> </ev_longname>
	    <ev_shortname> <en>Legal</en> </ev_shortname>
	    <ev_driverval>5</ev_driverval>
	</enum_val>
	<enum_val id="ev/foo2oakzjs-PageSize-7">
	    <ev_longname> <en>Executive</en> </ev_longname>
	    <ev_shortname> <en>Executive</en> </ev_shortname>
	    <ev_driverval>7</ev_driverval>
	</enum_val>
	<enum_val id="ev/foo2oakzjs-PageSize-9">
	    <ev_longname> <en>A4</en> </ev_longname>
	    <ev_shortname> <en>A4</en> </ev_shortname>
	    <ev_driverval>9</ev_driverval>
	</enum_val>
	<enum_val id="ev/foo2oakzjs-PageSize-11">
	    <ev_longname> <en>A5</en> </ev_longname>
	    <ev_shortname> <en>A5</en> </ev_shortname>
	    <ev_driverval>11</ev_driverval>
	</enum_val>
	<enum_val id="ev/foo2oakzjs-PageSize-13">
	    <ev_longname> <en>B5</en> </ev_longname>
	    <ev_shortname> <en>B5</en> </ev_shortname>
	    <ev_driverval>13</ev_driverval>
	</enum_val>
	<enum_val id="ev/foo2oakzjs-PageSize-20">
	    <ev_longname> <en>Env #10</en> </ev_longname>
	    <ev_shortname> <en>Env10</en> </ev_shortname>
	    <ev_driverval>20</ev_driverval>
	</enum_val>
	<enum_val id="ev/foo2oakzjs-PageSize-27">
	    <ev_longname> <en>Env DL</en> </ev_longname>
	    <ev_shortname> <en>EnvDL</en> </ev_shortname>
	    <ev_driverval>27</ev_driverval>
	</enum_val>
	<enum_val id="ev/foo2oakzjs-PageSize-28">
	    <ev_longname> <en>Env C5</en> </ev_longname>
	    <ev_shortname> <en>EnvC5</en> </ev_shortname>
	    <ev_driverval>28</ev_driverval>
	</enum_val>
	<enum_val id="ev/foo2oakzjs-PageSize-34">
	    <ev_longname> <en>Env ISO B5</en> </ev_longname>
	    <ev_shortname> <en>EnvISOB5</en> </ev_shortname>
	    <ev_driverval>34</ev_driverval>
	</enum_val>
	<enum_val id="ev/foo2oakzjs-PageSize-37">
	    <ev_longname> <en>Env Monarch</en> </ev_longname>
	    <ev_shortname> <en>EnvMonarch</en> </ev_shortname>
	    <ev_driverval>37</ev_driverval>
	</enum_val>
	<enum_val id="ev/foo2oakzjs-PageSize-257">
	    <ev_longname> <en>16k 197x273 mm</en> </ev_longname>
	    <ev_shortname> <en>w558h774</en> </ev_shortname>
	    <ev_driverval>257</ev_driverval>
	    <constraints>
		<constraint sense="false">
		    <driver>foo2zjs</driver>
		</constraint>
		<constraint sense="false">
		    <driver>foo2hp</driver>
		</constraint>
		<constraint sense="false">
		    <driver>foo2oak</driver>
		</constraint>
		<constraint sense="true">
		    <driver>foo2xqx</driver>
		</constraint>
	    </constraints>
	</enum_val>
	<enum_val id="ev/foo2oakzjs-PageSize-263">
	    <ev_longname> <en>16k 184x260 mm</en> </ev_longname>
	    <ev_shortname> <en>w522h737</en> </ev_shortname>
	    <ev_driverval>263</ev_driverval>
	    <constraints>
		<constraint sense="false">
		    <driver>foo2zjs</driver>
		</constraint>
		<constraint sense="false">
		    <driver>foo2hp</driver>
		</constraint>
		<constraint sense="false">
		    <driver>foo2oak</driver>
		</constraint>
		<constraint sense="true">
		    <driver>foo2xqx</driver>
		</constraint>
	    </constraints>
	</enum_val>
	<enum_val id="ev/foo2oakzjs-PageSize-264">
	    <ev_longname> <en>16k 195x270 mm</en> </ev_longname>
	    <ev_shortname> <en>w553h765</en> </ev_shortname>
	    <ev_driverval>264</ev_driverval>
	    <constraints>
		<constraint sense="false">
		    <driver>foo2zjs</driver>
		</constraint>
		<constraint sense="false">
		    <driver>foo2hp</driver>
		</constraint>
		<constraint sense="false">
		    <driver>foo2oak</driver>
		</constraint>
		<constraint sense="true">
		    <driver>foo2xqx</driver>
		</constraint>
	    </constraints>
	</enum_val>
	<enum_val id="ev/foo2oakzjs-PageSize-Custom">
	    <ev_longname> <en>Custom</en> </ev_longname>
	    <ev_shortname> <en>Custom</en> </ev_shortname>
	    <ev_driverval>Custom.%0x%1</ev_driverval>
	</enum_val>
    </enum_vals>
</option>
