<option type="int" id="opt/foo2hp-AlignY">
    <!-- A multilingual <comments> block can appear here, too;
       it should be treated as documentation for the user. -->
    <arg_longname> <en>Alignment Offset Yellow</en> </arg_longname>
    <arg_shortname> <en>aligny</en> </arg_shortname>
    <arg_execution>
        <arg_group>Alignment (in rows)</arg_group>
	<arg_order>220</arg_order>
	<arg_spot>A</arg_spot>
	<arg_required />
	<arg_substitution />
	<arg_proto>-Oy=%s </arg_proto>
    </arg_execution>
    <constraints>
	<constraint sense="true">
	<driver>foo2hp</driver>
	<arg_defval>0</arg_defval>
	</constraint>
    </constraints>
    <arg_max>100</arg_max>
    <arg_min>-100</arg_min>
</option>
