<option type="enum" id="opt/foo2hp-MediaType">
    <!-- A multilingual <comments> block can appear here, too;
       it should be treated as documentation for the user. -->
    <arg_longname> <en>Media Type</en> </arg_longname>
    <arg_shortname> <en>MediaType</en> </arg_shortname>
    <arg_execution>
	<arg_group>General</arg_group>
	<arg_order>150</arg_order>
	<arg_spot>A</arg_spot>
	<arg_required />
	<arg_substitution />
	<arg_proto>-m%s </arg_proto>
    </arg_execution>
    <constraints>
	<constraint sense="true">
	<driver>foo2hp</driver>
	<arg_defval>ev/foo2hp-MediaType-1</arg_defval>
	</constraint>
    </constraints>
    <enum_vals>
	<enum_val id="ev/foo2hp-MediaType-1">
	    <ev_longname> <en>Plain</en> </ev_longname>
	    <ev_shortname> <en>Plain</en> </ev_shortname>
	    <ev_driverval>1</ev_driverval>
	</enum_val>
	<enum_val id="ev/foo2hp-MediaType-514">
	    <ev_longname> <en>Preprinted</en> </ev_longname>
	    <ev_shortname> <en>Preprinted</en> </ev_shortname>
	    <ev_driverval>514</ev_driverval>
	</enum_val>
	<enum_val id="ev/foo2hp-MediaType-513">
	    <ev_longname> <en>Letterhead</en> </ev_longname>
	    <ev_shortname> <en>Letterhead</en> </ev_shortname>
	    <ev_driverval>513</ev_driverval>
	</enum_val>
	<enum_val id="ev/foo2hp-MediaType-2">
	    <ev_longname> <en>Transparency</en> </ev_longname>
	    <ev_shortname> <en>Transparency</en> </ev_shortname>
	    <ev_driverval>2</ev_driverval>
	</enum_val>
	<enum_val id="ev/foo2hp-MediaType-515">
	    <ev_longname> <en>Prepunched</en> </ev_longname>
	    <ev_shortname> <en>Prepunched</en> </ev_shortname>
	    <ev_driverval>515</ev_driverval>
	</enum_val>
	<enum_val id="ev/foo2hp-MediaType-265">
	    <ev_longname> <en>Labels</en> </ev_longname>
	    <ev_shortname> <en>Labels</en> </ev_shortname>
	    <ev_driverval>265</ev_driverval>
	</enum_val>
	<enum_val id="ev/foo2hp-MediaType-260">
	    <ev_longname> <en>Bond</en> </ev_longname>
	    <ev_shortname> <en>Bond</en> </ev_shortname>
	    <ev_driverval>260</ev_driverval>
	</enum_val>
	<enum_val id="ev/foo2hp-MediaType-516">
	    <ev_longname> <en>Recycled</en> </ev_longname>
	    <ev_shortname> <en>Recycled</en> </ev_shortname>
	    <ev_driverval>516</ev_driverval>
	</enum_val>
	<enum_val id="ev/foo2hp-MediaType-512">
	    <ev_longname> <en>Color</en> </ev_longname>
	    <ev_shortname> <en>Color</en> </ev_shortname>
	    <ev_driverval>512</ev_driverval>
	</enum_val>
	<enum_val id="ev/foo2hp-MediaType-276">
	    <ev_longname> <en>Tough</en> </ev_longname>
	    <ev_shortname> <en>Tough</en> </ev_shortname>
	    <ev_driverval>276</ev_driverval>
	</enum_val>
	<enum_val id="ev/foo2hp-MediaType-267">
	    <ev_longname> <en>Envelope</en> </ev_longname>
	    <ev_shortname> <en>Envelope</en> </ev_shortname>
	    <ev_driverval>267</ev_driverval>
	</enum_val>
	<enum_val id="ev/foo2hp-MediaType-258">
	    <ev_longname> <en>Light</en> </ev_longname>
	    <ev_shortname> <en>Light</en> </ev_shortname>
	    <ev_driverval>258</ev_driverval>
	</enum_val>
	<enum_val id="ev/foo2hp-MediaType-262">
	    <ev_longname> <en>Heavy</en> </ev_longname>
	    <ev_shortname> <en>Heavy</en> </ev_shortname>
	    <ev_driverval>262</ev_driverval>
	</enum_val>
	<enum_val id="ev/foo2hp-MediaType-261">
	    <ev_longname> <en>Cardstock</en> </ev_longname>
	    <ev_shortname> <en>Cardstock</en> </ev_shortname>
	    <ev_driverval>261</ev_driverval>
	</enum_val>
	<enum_val id="ev/foo2hp-MediaType-268">
	    <ev_longname> <en>Light Glossy</en> </ev_longname>
	    <ev_shortname> <en>LightGlossy</en> </ev_shortname>
	    <ev_driverval>268</ev_driverval>
	</enum_val>
	<enum_val id="ev/foo2hp-MediaType-269">
	    <ev_longname> <en>Glossy</en> </ev_longname>
	    <ev_shortname> <en>Glossy</en> </ev_shortname>
	    <ev_driverval>269</ev_driverval>
	</enum_val>
	<enum_val id="ev/foo2hp-MediaType-270">
	    <ev_longname> <en>Heavy Glossy</en> </ev_longname>
	    <ev_shortname> <en>HeavyGlossy</en> </ev_shortname>
	    <ev_driverval>270</ev_driverval>
	</enum_val>
	<enum_val id="ev/foo2hp-MediaType-277">
	    <ev_longname> <en>HP Premium Cover</en> </ev_longname>
	    <ev_shortname> <en>Cover</en> </ev_shortname>
	    <ev_driverval>277</ev_driverval>
	</enum_val>
	<enum_val id="ev/foo2hp-MediaType-278">
	    <ev_longname> <en>HP Color Laser Photo Paper</en> </ev_longname>
	    <ev_shortname> <en>photo</en> </ev_shortname>
	    <ev_driverval>278</ev_driverval>
	</enum_val>
    </enum_vals>
</option>
