<option type="enum" id="opt/foo2ddst-MediaType">
    <!-- A multilingual <comments> block can appear here, too;
       it should be treated as documentation for the user. -->
    <arg_longname> <en>Media Type</en> </arg_longname>
    <arg_shortname> <en>MediaType</en> </arg_shortname>
    <arg_execution>
	<arg_group>General</arg_group>
	<arg_order>150</arg_order>
	<arg_spot>A</arg_spot>
	<arg_required />
	<arg_substitution />
	<arg_proto>-m%s </arg_proto>
    </arg_execution>
    <constraints>
	<constraint sense="true">
	<driver>foo2ddst</driver>
	<arg_defval>ev/foo2ddst-MediaType-1</arg_defval>
	</constraint>
    </constraints>
    <enum_vals>
	<enum_val id="ev/foo2ddst-MediaType-1">
	    <ev_longname> <en>PlainAndRecycled</en> </ev_longname>
	    <ev_shortname> <en>PlainAndRecycled</en> </ev_shortname>
	    <ev_driverval>1</ev_driverval>
	</enum_val>
	<enum_val id="ev/foo2ddst-MediaType-2">
	    <ev_longname> <en>Plain</en> </ev_longname>
	    <ev_shortname> <en>Paper</en> </ev_shortname>
	    <ev_driverval>2</ev_driverval>
	</enum_val>
	<enum_val id="ev/foo2ddst-MediaType-3">
	    <ev_longname> <en>Thin</en> </ev_longname>
	    <ev_shortname> <en>Thin</en> </ev_shortname>
	    <ev_driverval>3</ev_driverval>
	</enum_val>
	<enum_val id="ev/foo2ddst-MediaType-4">
	    <ev_longname> <en>Thick 1</en> </ev_longname>
	    <ev_shortname> <en>Thick1</en> </ev_shortname>
	    <ev_driverval>4</ev_driverval>
	</enum_val>
	<enum_val id="ev/foo2ddst-MediaType-5">
	    <ev_longname> <en>Recycled</en> </ev_longname>
	    <ev_shortname> <en>Recycled</en> </ev_shortname>
	    <ev_driverval>5</ev_driverval>
	</enum_val>
    </enum_vals>
</option>
