<option type="enum" id="opt/foo2zjs-Resolution">
    <!-- A multilingual <comments> block can appear here, too;
       it should be treated as documentation for the user. -->
    <arg_longname> <en>Resolution</en> </arg_longname>
    <arg_shortname> <en>Resolution</en> </arg_shortname>
    <arg_execution>
	<arg_group>General</arg_group>
	<arg_order>130</arg_order>
	<arg_spot>A</arg_spot>
	<arg_required />
	<arg_substitution />
	<arg_proto>-r%s </arg_proto>
    </arg_execution>
    <constraints>
	<constraint sense="true">
	    <driver>foo2zjs</driver>
	    <arg_defval>ev/foo2zjs-Resolution-1200x600</arg_defval>
	</constraint>
	<constraint sense="true">
	    <driver>foo2zjs-z1</driver>
	    <arg_defval>ev/foo2zjs-Resolution-1200x600</arg_defval>
	</constraint>
	<constraint sense="true">
	    <driver>foo2zjs-z2</driver>
	    <arg_defval>ev/foo2zjs-Resolution-1200x600</arg_defval>
	</constraint>
	<constraint sense="true">
	    <driver>foo2zjs-z3</driver>
	    <arg_defval>ev/foo2zjs-Resolution-1200x600</arg_defval>
	</constraint>
	<constraint sense="true">
	    <make>HP</make> <model>LaserJet 1000</model>
	    <driver>foo2zjs</driver>
	    <arg_defval>ev/foo2zjs-Resolution-600x600</arg_defval>
	</constraint>
	<constraint sense="true">
	    <make>HP</make> <model>LaserJet 1005</model>
	    <driver>foo2zjs</driver>
	    <arg_defval>ev/foo2zjs-Resolution-600x600</arg_defval>
	</constraint>
    </constraints>
    <enum_vals>
	<enum_val id="ev/foo2zjs-Resolution-600x600">
	    <ev_longname> <en>600x600 dpi</en> </ev_longname>
		<!-- A multilingual <comments> block can appear here, too;
		 it should be treated as documentation for the user. -->
	    <ev_shortname> <en>600x600dpi</en> </ev_shortname>
	    <ev_driverval>600x600</ev_driverval>
	    <constraints>
	        <constraint sense="false">
	    	    <make>Minolta</make> <model>magicolor 2200 DL</model>
	        </constraint>
	        <constraint sense="false">
	    	    <make>HP</make> <model>LaserJet Pro M12a</model>
	        </constraint>
	        <constraint sense="false">
	    	    <make>HP</make> <model>LaserJet Pro M12w</model>
	        </constraint>
	        <constraint sense="false">
	    	    <make>HP</make> <model>LaserJet Pro P1102</model>
	        </constraint>
	        <constraint sense="false">
	    	    <make>HP</make> <model>LaserJet Pro P1102w</model>
	        </constraint>
	        <constraint sense="false">
	    	    <make>HP</make> <model>LaserJet Pro P1566</model>
	        </constraint>
	        <constraint sense="false">
	    	    <make>HP</make> <model>LaserJet Pro P1606dn</model>
	        </constraint>
	    </constraints>
	</enum_val>
	<enum_val id="ev/foo2zjs-Resolution-1200x600">
	    <ev_longname> <en>1200x600 dpi</en> </ev_longname>
		<!-- A multilingual <comments> block can appear here, too;
		 it should be treated as documentation for the user. -->
	    <ev_shortname> <en>1200x600dpi</en> </ev_shortname>
	    <ev_driverval>1200x600</ev_driverval>
	    <constraints>
	        <constraint sense="false">
	    	    <make>HP</make> <model>LaserJet 1000</model>
	        </constraint>
	        <constraint sense="false">
	    	    <make>HP</make> <model>LaserJet 1005</model>
	        </constraint>
            </constraints>
	</enum_val>
	<enum_val id="ev/foo2zjs-Resolution-2400x600">
	    <ev_longname> <en>2400x600 dpi</en> </ev_longname>
		<!-- A multilingual <comments> block can appear here, too;
		 it should be treated as documentation for the user. -->
	    <ev_shortname> <en>2400x600dpi</en> </ev_shortname>
	    <ev_driverval>2400x600</ev_driverval>
	    <constraints>
	        <constraint sense="false">
	    	    <make>HP</make> <model>LaserJet 1000</model>
	        </constraint>
	        <constraint sense="false">
	    	    <make>HP</make> <model>LaserJet 1005</model>
	        </constraint>
	        <constraint sense="false">
	    	    <make>HP</make> <model>LaserJet 1018</model>
	        </constraint>
	        <constraint sense="false">
	    	    <make>HP</make> <model>LaserJet 1020</model>
	        </constraint>
	        <constraint sense="false">
	    	    <make>HP</make> <model>LaserJet 1022</model>
	        </constraint>
	        <constraint sense="false">
	    	    <make>HP</make> <model>LaserJet Pro M12a</model>
	        </constraint>
	        <constraint sense="false">
	    	    <make>HP</make> <model>LaserJet Pro M12w</model>
	        </constraint>
	        <constraint sense="false">
	    	    <make>HP</make> <model>LaserJet Pro P1102</model>
	        </constraint>
	        <constraint sense="false">
	    	    <make>HP</make> <model>LaserJet Pro P1102w</model>
	        </constraint>
	        <constraint sense="false">
	    	    <make>HP</make> <model>LaserJet Pro P1566</model>
	        </constraint>
	        <constraint sense="false">
	    	    <make>HP</make> <model>LaserJet Pro P1606dn</model>
	        </constraint>
	        <constraint sense="false">
	    	    <make>HP</make> <model>LaserJet Pro CP1025nw</model>
	        </constraint>
	        <constraint sense="false">
	    	    <make>HP</make> <model>LaserJet P2035</model>
	        </constraint>
	        <constraint sense="false">
	    	    <make>HP</make> <model>LaserJet M1319 MFP</model>
	        </constraint>
	        <constraint sense="false">
	    	    <make>Minolta</make> <model>magicolor 2200 DL</model>
	        </constraint>
            </constraints>
	</enum_val>
    </enum_vals>
</option>
