<option type="enum" id="opt/foo2hbpl2-Resolution">
    <!-- A multilingual <comments> block can appear here, too;
       it should be treated as documentation for the user. -->
    <arg_longname> <en>Resolution</en> </arg_longname>
    <arg_shortname> <en>Resolution</en> </arg_shortname>
    <arg_execution>
	<arg_group>General</arg_group>
	<arg_order>130</arg_order>
	<arg_spot>A</arg_spot>
	<arg_required />
	<arg_substitution />
	<arg_proto>-r%s </arg_proto>
    </arg_execution>
    <constraints>
	<constraint sense="true">
	    <driver>foo2hbpl2</driver>
	    <arg_defval>ev/foo2hbpl2-Resolution-1200x600</arg_defval>
	</constraint>
	<constraint sense="true">
	    <make>Epson</make> <model>AcuLaser M1400</model>
	    <driver>foo2hbpl2</driver>
	    <arg_defval>ev/foo2hbpl2-Resolution-600x600</arg_defval>
	</constraint>
	<constraint sense="true">
	    <make>Fuji Xerox</make> <model>DocuPrint M215</model>
	    <driver>foo2hbpl2</driver>
	    <arg_defval>ev/foo2hbpl2-Resolution-600x600</arg_defval>
	</constraint>
	<constraint sense="true">
	    <make>Fuji Xerox</make> <model>DocuPrint P205</model>
	    <driver>foo2hbpl2</driver>
	    <arg_defval>ev/foo2hbpl2-Resolution-600x600</arg_defval>
	</constraint>
	<constraint sense="true">
	    <make>Xerox</make> <model>Phaser 3010</model>
	    <driver>foo2hbpl2</driver>
	    <arg_defval>ev/foo2hbpl2-Resolution-600x600</arg_defval>
	</constraint>
	<constraint sense="true">
	    <make>Xerox</make> <model>Phaser 3040</model>
	    <driver>foo2hbpl2</driver>
	    <arg_defval>ev/foo2hbpl2-Resolution-600x600</arg_defval>
	</constraint>
	<constraint sense="true">
	    <make>Xerox</make> <model>WorkCentre 3045</model>
	    <driver>foo2hbpl2</driver>
	    <arg_defval>ev/foo2hbpl2-Resolution-600x600</arg_defval>
	</constraint>
    </constraints>
    <enum_vals>
	<enum_val id="ev/foo2hbpl2-Resolution-600x600">
	    <ev_longname> <en>600x600 dpi</en> </ev_longname>
		<!-- A multilingual <comments> block can appear here, too;
		 it should be treated as documentation for the user. -->
	    <ev_shortname> <en>600x600dpi</en> </ev_shortname>
	    <ev_driverval>600x600</ev_driverval>
	    <constraints>
	        <constraint sense="false">
		    <driver>foo2hbpl2</driver>
	        </constraint>
	        <constraint sense="true">
		    <make>Epson</make> <model>AcuLaser M1400</model>
	        </constraint>
	        <constraint sense="true">
		    <make>Fuji Xerox</make> <model>DocuPrint CM205</model>
	        </constraint>
	        <constraint sense="true">
		    <make>Fuji Xerox</make> <model>DocuPrint CM215</model>
	        </constraint>
	        <constraint sense="true">
		    <make>Fuji Xerox</make> <model>DocuPrint M215</model>
	        </constraint>
	        <constraint sense="true">
		    <make>Fuji Xerox</make> <model>DocuPrint P205</model>
	        </constraint>
	        <constraint sense="true">
		    <make>Xerox</make> <model>Phaser 3010</model>
	        </constraint>
	        <constraint sense="true">
		    <make>Xerox</make> <model>Phaser 3040</model>
	        </constraint>
	        <constraint sense="true">
		    <make>Xerox</make> <model>WorkCentre 3045</model>
	        </constraint>
	    </constraints>
	</enum_val>
	<enum_val id="ev/foo2hbpl2-Resolution-1200x600">
	    <ev_longname> <en>1200x600 dpi</en> </ev_longname>
		<!-- A multilingual <comments> block can appear here, too;
		 it should be treated as documentation for the user. -->
	    <ev_shortname> <en>1200x600dpi</en> </ev_shortname>
	    <ev_driverval>1200x600</ev_driverval>
	    <constraints>
	        <constraint sense="false">
		    <make>Epson</make> <model>AcuLaser M1400</model>
	        </constraint>
	        <constraint sense="false">
		    <make>Fuji Xerox</make> <model>DocuPrint M215</model>
	        </constraint>
	        <constraint sense="false">
		    <make>Fuji Xerox</make> <model>DocuPrint P205</model>
	        </constraint>
	        <constraint sense="false">
		    <make>Xerox</make> <model>Phaser 3010</model>
	        </constraint>
	        <constraint sense="false">
		    <make>Xerox</make> <model>Phaser 3040</model>
	        </constraint>
	        <constraint sense="false">
		    <make>Xerox</make> <model>WorkCentre 3045</model>
	        </constraint>
            </constraints>
	</enum_val>
	<enum_val id="ev/foo2hbpl2-Resolution-1200x1200">
	    <ev_longname> <en>1200x1200 dpi</en> </ev_longname>
		<!-- A multilingual <comments> block can appear here, too;
		 it should be treated as documentation for the user. -->
	    <ev_shortname> <en>1200x1200dpi</en> </ev_shortname>
	    <ev_driverval>1200x1200</ev_driverval>
	    <constraints>
	        <constraint sense="false">
		    <driver>foo2hbpl2</driver>
	        </constraint>
	        <constraint sense="true">
		    <make>Epson</make> <model>AcuLaser M1400</model>
	        </constraint>
	        <constraint sense="true">
		    <make>Fuji Xerox</make> <model>DocuPrint CM205</model>
	        </constraint>
	        <constraint sense="true">
		    <make>Fuji Xerox</make> <model>DocuPrint CM215</model>
	        </constraint>
	        <constraint sense="true">
		    <make>Fuji Xerox</make> <model>DocuPrint M215</model>
	        </constraint>
	        <constraint sense="true">
		    <make>Fuji Xerox</make> <model>DocuPrint P205</model>
	        </constraint>
	        <constraint sense="true">
		    <make>Xerox</make> <model>Phaser 3010</model>
	        </constraint>
	        <constraint sense="true">
		    <make>Xerox</make> <model>Phaser 3040</model>
	        </constraint>
	        <constraint sense="true">
		    <make>Xerox</make> <model>WorkCentre 3045</model>
	        </constraint>
            </constraints>
	</enum_val>
    </enum_vals>
</option>
