<!--
    foo2zjs-z1
-->
<option type="enum" id="opt/foo2zjs-z1-PageSize">
    <!-- A multilingual <comments> block can appear here, too;
       it should be treated as documentation for the user. -->
    <arg_longname> <en>Page Size</en> </arg_longname>
    <arg_shortname> <en>PageSize</en> </arg_shortname>
    <arg_execution>
	<arg_group>General</arg_group>
	<arg_order>135</arg_order>
	<arg_spot>A</arg_spot>
	<arg_required />
	<arg_substitution />
	<arg_proto>-p%s </arg_proto>
    </arg_execution>
    <constraints>
	<constraint sense="true">
	    <driver>foo2zjs-z1</driver>
	    <arg_defval>ev/foo2zjs-z1-PageSize-1</arg_defval>
	</constraint>
    </constraints>
    <enum_vals>
	<enum_val id="ev/foo2zjs-z1-PageSize-1">
	    <ev_longname> <en>Letter</en> </ev_longname>
	    <ev_shortname> <en>Letter</en> </ev_shortname>
	    <ev_driverval>1</ev_driverval>
	</enum_val>
	<enum_val id="ev/foo2zjs-z1-PageSize-5">
	    <ev_longname> <en>Legal</en> </ev_longname>
	    <ev_shortname> <en>Legal</en> </ev_shortname>
	    <ev_driverval>5</ev_driverval>
	</enum_val>
	<enum_val id="ev/foo2zjs-z1-PageSize-7">
	    <ev_longname> <en>Executive</en> </ev_longname>
	    <ev_shortname> <en>Executive</en> </ev_shortname>
	    <ev_driverval>7</ev_driverval>
	</enum_val>
	<enum_val id="ev/foo2zjs-z1-PageSize-9">
	    <ev_longname> <en>A4</en> </ev_longname>
	    <ev_shortname> <en>A4</en> </ev_shortname>
	    <ev_driverval>9</ev_driverval>
	</enum_val>
	<enum_val id="ev/foo2zjs-z1-PageSize-11">
	    <ev_longname> <en>A5</en> </ev_longname>
	    <ev_shortname> <en>A5</en> </ev_shortname>
	    <ev_driverval>11</ev_driverval>
	</enum_val>
	<enum_val id="ev/foo2zjs-z1-PageSize-13">
	    <ev_longname> <en>B5</en> </ev_longname>
	    <ev_shortname> <en>B5</en> </ev_shortname>
	    <ev_driverval>13</ev_driverval>
	</enum_val>
	<enum_val id="ev/foo2zjs-z1-PageSize-20">
	    <ev_longname> <en>Env #10</en> </ev_longname>
	    <ev_shortname> <en>Env10</en> </ev_shortname>
	    <ev_driverval>20</ev_driverval>
	</enum_val>
	<enum_val id="ev/foo2zjs-z1-PageSize-27">
	    <ev_longname> <en>Env DL</en> </ev_longname>
	    <ev_shortname> <en>EnvDL</en> </ev_shortname>
	    <ev_driverval>27</ev_driverval>
	</enum_val>
	<enum_val id="ev/foo2zjs-z1-PageSize-28">
	    <ev_longname> <en>Env C5</en> </ev_longname>
	    <ev_shortname> <en>EnvC5</en> </ev_shortname>
	    <ev_driverval>28</ev_driverval>
	</enum_val>
	<enum_val id="ev/foo2zjs-z1-PageSize-34">
	    <ev_longname> <en>Env ISO B5</en> </ev_longname>
	    <ev_shortname> <en>EnvISOB5</en> </ev_shortname>
	    <ev_driverval>34</ev_driverval>
	</enum_val>
	<enum_val id="ev/foo2zjs-z1-PageSize-37">
	    <ev_longname> <en>Env Monarch</en> </ev_longname>
	    <ev_shortname> <en>EnvMonarch</en> </ev_shortname>
	    <ev_driverval>37</ev_driverval>
	</enum_val>
	<enum_val id="ev/foo2zjs-z1-PageSize-257">
	    <ev_longname> <en>16k 197x273 mm</en> </ev_longname>
	    <ev_shortname> <en>w558h774</en> </ev_shortname>
	    <ev_driverval>257</ev_driverval>
	</enum_val>
	<enum_val id="ev/foo2zjs-z1-PageSize-258">
	    <ev_longname> <en>Fanfold German Legal</en> </ev_longname>
	    <ev_shortname> <en>FanfoldGermanLegal</en> </ev_shortname>
	    <ev_driverval>258</ev_driverval>
	</enum_val>
	<enum_val id="ev/foo2zjs-z1-PageSize-259">
	    <ev_longname> <en>B5 ISO</en> </ev_longname>
	    <ev_shortname> <en>B5ISO</en> </ev_shortname>
	    <ev_driverval>259</ev_driverval>
	</enum_val>
	<enum_val id="ev/foo2zjs-z1-PageSize-260">
	    <ev_longname> <en>Postcard</en> </ev_longname>
	    <ev_shortname> <en>Postcard</en> </ev_shortname>
	    <ev_driverval>260</ev_driverval>
	</enum_val>
	<enum_val id="ev/foo2zjs-z1-PageSize-261">
	    <ev_longname> <en>Double Postcard</en> </ev_longname>
	    <ev_shortname> <en>DoublePostcard</en> </ev_shortname>
	    <ev_driverval>261</ev_driverval>
	</enum_val>
	<enum_val id="ev/foo2zjs-z1-PageSize-262">
	    <ev_longname> <en>A6</en> </ev_longname>
	    <ev_shortname> <en>A6</en> </ev_shortname>
	    <ev_driverval>262</ev_driverval>
	</enum_val>
	<enum_val id="ev/foo2zjs-z1-PageSize-Custom">
	    <ev_longname> <en>Custom</en> </ev_longname>
	    <ev_shortname> <en>Custom</en> </ev_shortname>
	    <ev_driverval>Custom.%0x%1</ev_driverval>
	</enum_val>
    </enum_vals>
</option>
