<option type="enum" id="opt/foo2oak-z1-PageSize">
    <!-- A multilingual <comments> block can appear here, too;
       it should be treated as documentation for the user. -->
    <arg_longname> <en>Page Size</en> </arg_longname>
    <arg_shortname> <en>PageSize</en> </arg_shortname>
    <arg_execution>
	<arg_group>General</arg_group>
	<arg_order>135</arg_order>
	<arg_spot>A</arg_spot>
	<arg_required />
	<arg_substitution />
	<arg_proto>-p%s </arg_proto>
    </arg_execution>
    <constraints>
	<constraint sense="true">
	<driver>foo2oak-z1</driver>
	<arg_defval>ev/foo2oak-z1-PageSize-1</arg_defval>
	</constraint>
    </constraints>
    <enum_vals>
	<enum_val id="ev/foo2oak-z1-PageSize-1">
	    <ev_longname> <en>Letter</en> </ev_longname>
	    <ev_shortname> <en>Letter</en> </ev_shortname>
	    <ev_driverval>1</ev_driverval>
	</enum_val>
	<enum_val id="ev/foo2oak-z1-PageSize-3">
	    <ev_longname> <en>Ledger</en> </ev_longname>
	    <ev_shortname> <en>Ledger</en> </ev_shortname>
	    <ev_driverval>3</ev_driverval>
	</enum_val>
	<enum_val id="ev/foo2oak-z1-PageSize-5">
	    <ev_longname> <en>Legal</en> </ev_longname>
	    <ev_shortname> <en>Legal</en> </ev_shortname>
	    <ev_driverval>5</ev_driverval>
	</enum_val>
	<enum_val id="ev/foo2oak-z1-PageSize-6">
	    <ev_longname> <en>Statement</en> </ev_longname>
	    <ev_shortname> <en>Statement</en> </ev_shortname>
	    <ev_driverval>6</ev_driverval>
	</enum_val>
	<enum_val id="ev/foo2oak-z1-PageSize-7">
	    <ev_longname> <en>Executive</en> </ev_longname>
	    <ev_shortname> <en>Executive</en> </ev_shortname>
	    <ev_driverval>7</ev_driverval>
	</enum_val>
	<enum_val id="ev/foo2oak-z1-PageSize-8">
	    <ev_longname> <en>A3</en> </ev_longname>
	    <ev_shortname> <en>A3</en> </ev_shortname>
	    <ev_driverval>8</ev_driverval>
	</enum_val>
	<enum_val id="ev/foo2oak-z1-PageSize-9">
	    <ev_longname> <en>A4</en> </ev_longname>
	    <ev_shortname> <en>A4</en> </ev_shortname>
	    <ev_driverval>9</ev_driverval>
	</enum_val>
	<enum_val id="ev/foo2oak-z1-PageSize-11">
	    <ev_longname> <en>A5</en> </ev_longname>
	    <ev_shortname> <en>A5</en> </ev_shortname>
	    <ev_driverval>11</ev_driverval>
	</enum_val>
	<enum_val id="ev/foo2oak-z1-PageSize-12">
	    <ev_longname> <en>B4</en> </ev_longname>
	    <ev_shortname> <en>B4</en> </ev_shortname>
	    <ev_driverval>12</ev_driverval>
	</enum_val>
	<enum_val id="ev/foo2oak-z1-PageSize-13">
	    <ev_longname> <en>B5 [JIS]</en> </ev_longname>
	    <ev_shortname> <en>B5jis</en> </ev_shortname>
	    <ev_driverval>13</ev_driverval>
	</enum_val>
	<enum_val id="ev/foo2oak-z1-PageSize-14">
	    <ev_longname> <en>Folio</en> </ev_longname>
	    <ev_shortname> <en>Folio</en> </ev_shortname>
	    <ev_driverval>14</ev_driverval>
	</enum_val>
<!--
	<enum_val id="ev/foo2oak-z1-PageSize-19">
	    <ev_longname> <en>Env #9</en> </ev_longname>
	    <ev_shortname> <en>Env9</en> </ev_shortname>
	    <ev_driverval>19</ev_driverval>
	</enum_val>
-->
	<enum_val id="ev/foo2oak-z1-PageSize-20">
	    <ev_longname> <en>Env #10</en> </ev_longname>
	    <ev_shortname> <en>Env10</en> </ev_shortname>
	    <ev_driverval>20</ev_driverval>
	</enum_val>
	<enum_val id="ev/foo2oak-z1-PageSize-27">
	    <ev_longname> <en>Env DL</en> </ev_longname>
	    <ev_shortname> <en>EnvDL</en> </ev_shortname>
	    <ev_driverval>27</ev_driverval>
	</enum_val>
	<enum_val id="ev/foo2oak-z1-PageSize-28">
	    <ev_longname> <en>Env C5</en> </ev_longname>
	    <ev_shortname> <en>EnvC5</en> </ev_shortname>
	    <ev_driverval>28</ev_driverval>
	</enum_val>
	<enum_val id="ev/foo2oak-z1-PageSize-30">
	    <ev_longname> <en>Env C4</en> </ev_longname>
	    <ev_shortname> <en>EnvC4</en> </ev_shortname>
	    <ev_driverval>30</ev_driverval>
	</enum_val>
	<enum_val id="ev/foo2oak-z1-PageSize-34">
	    <ev_longname> <en>Env ISO B5</en> </ev_longname>
	    <ev_shortname> <en>EnvISOB5</en> </ev_shortname>
	    <ev_driverval>34</ev_driverval>
	</enum_val>
	<enum_val id="ev/foo2oak-z1-PageSize-37">
	    <ev_longname> <en>Env Monarch</en> </ev_longname>
	    <ev_shortname> <en>EnvMonarch</en> </ev_shortname>
	    <ev_driverval>37</ev_driverval>
	</enum_val>
	<enum_val id="ev/foo2oak-z1-PageSize-257">
	    <ev_longname> <en>A6</en> </ev_longname>
	    <ev_shortname> <en>A6</en> </ev_shortname>
	    <ev_driverval>257</ev_driverval>
	</enum_val>
	<enum_val id="ev/foo2oak-z1-PageSize-258">
	    <ev_longname> <en>B6</en> </ev_longname>
	    <ev_shortname> <en>B6</en> </ev_shortname>
	    <ev_driverval>258</ev_driverval>
	</enum_val>
	<enum_val id="ev/foo2oak-z1-PageSize-259">
	    <ev_longname> <en>B5 [ISO]</en> </ev_longname>
	    <ev_shortname> <en>B5</en> </ev_shortname>
	    <ev_driverval>259</ev_driverval>
	</enum_val>
<!--
	<enum_val id="ev/foo2oak-z1-PageSize-260">
	    <ev_longname> <en>Env #6</en> </ev_longname>
	    <ev_shortname> <en>Env6</en> </ev_shortname>
	    <ev_driverval>260</ev_driverval>
	</enum_val>
-->
	<enum_val id="ev/foo2oak-z1-PageSize-Custom">
	    <ev_longname> <en>Custom</en> </ev_longname>
	    <ev_shortname> <en>Custom</en> </ev_shortname>
	    <ev_driverval>Custom.%0x%1</ev_driverval>
	</enum_val>
    </enum_vals>
</option>
