<option type="enum" id="opt/foo2lava-MediaType">
    <!-- A multilingual <comments> block can appear here, too;
       it should be treated as documentation for the user. -->
    <arg_longname> <en>Media Type</en> </arg_longname>
    <arg_shortname> <en>MediaType</en> </arg_shortname>
    <arg_execution>
	<arg_group>General</arg_group>
	<arg_order>150</arg_order>
	<arg_spot>A</arg_spot>
	<arg_required />
	<arg_substitution />
	<arg_proto>-m%s </arg_proto>
    </arg_execution>
    <constraints>
	<constraint sense="true">
	<driver>foo2lava</driver>
	<arg_defval>ev/foo2lava-MediaType-0</arg_defval>
	</constraint>
    </constraints>
    <enum_vals>
	<enum_val id="ev/foo2lava-MediaType-0">
	    <ev_longname> <en>Plain Paper</en> </ev_longname>
	    <ev_shortname> <en>plain</en> </ev_shortname>
	    <ev_driverval>0</ev_driverval>
	</enum_val>
	<enum_val id="ev/foo2lava-MediaType-4">
	    <ev_longname> <en>Transparency</en> </ev_longname>
	    <ev_shortname> <en>transparency</en> </ev_shortname>
	    <ev_driverval>4</ev_driverval>
	</enum_val>
	<enum_val id="ev/foo2lava-MediaType-20">
	    <ev_longname> <en>Thick Stock</en> </ev_longname>
	    <ev_shortname> <en>thick</en> </ev_shortname>
	    <ev_driverval>20</ev_driverval>
	</enum_val>
	<enum_val id="ev/foo2lava-MediaType-22">
	    <ev_longname> <en>Envelope</en> </ev_longname>
	    <ev_shortname> <en>envelope</en> </ev_shortname>
	    <ev_driverval>22</ev_driverval>
	</enum_val>
	<enum_val id="ev/foo2lava-MediaType-23">
	    <ev_longname> <en>Letterhead</en> </ev_longname>
	    <ev_shortname> <en>letterhead</en> </ev_shortname>
	    <ev_driverval>23</ev_driverval>
	</enum_val>
	<enum_val id="ev/foo2lava-MediaType-25">
	    <ev_longname> <en>Postcard</en> </ev_longname>
	    <ev_shortname> <en>postcard</en> </ev_shortname>
	    <ev_driverval>25</ev_driverval>
	</enum_val>
	<enum_val id="ev/foo2lava-MediaType-26">
	    <ev_longname> <en>Labels</en> </ev_longname>
	    <ev_shortname> <en>labels</en> </ev_shortname>
	    <ev_driverval>26</ev_driverval>
	</enum_val>
	<enum_val id="ev/foo2lava-MediaType-27">
	    <ev_longname> <en>Recycled Paper</en> </ev_longname>
	    <ev_shortname> <en>recycled</en> </ev_shortname>
	    <ev_driverval>27</ev_driverval>
	</enum_val>
	<enum_val id="ev/foo2lava-MediaType-28">
	    <ev_longname> <en>Glossy</en> </ev_longname>
	    <ev_shortname> <en>glossy</en> </ev_shortname>
	    <ev_driverval>28</ev_driverval>
	</enum_val>
    </enum_vals>
</option>
