<driver id="driver/foo2xqx">
    <name>foo2xqx</name>
    <url>http://foo2xqx.rkkda.com/</url>
    <execution>
	<filter />
	<prototype>foo2xqx-wrapper %A</prototype>
    </execution>
    <comments> <en>

	This is a driver developed for the HP LaserJet M1005 MFP.

	&lt;p&gt;

    </en> </comments>
    <printers>
	<printer><id>printer/HP-LaserJet_M1005_MFP</id></printer>
	<printer><id>printer/HP-LaserJet_M1120_MFP</id></printer>
	<printer><id>printer/HP-LaserJet_P1005</id></printer>
	<printer><id>printer/HP-LaserJet_P1006</id></printer>
	<printer><id>printer/HP-LaserJet_P1007</id></printer>
	<printer><id>printer/HP-LaserJet_P1008</id></printer>
	<printer><id>printer/HP-LaserJet_P1505</id></printer>
	<printer><id>printer/HP-LaserJet_P1505n</id></printer>
	<printer><id>printer/HP-LaserJet_P2014</id></printer>
	<printer><id>printer/HP-LaserJet_P2014n</id></printer>
	<printer><id>printer/HP-LaserJet_Pro_M1132s_MFP</id></printer>
	<printer><id>printer/HP-LaserJet_Pro_M1212nf_MFP</id></printer>
	<printer><id>printer/Generic-GDI_Printer</id></printer>
    </printers>
</driver>
