<printer id="printer/Epson-AcuLaser_CX17NF">
    <make>Epson</make>
    <model>AcuLaser CX17NF</model>
    <mechanism>
	<laser/>
	<color/>
	<resolution>
	    <dpi>
		<x>1200</x>
		<y>600</y>
	    </dpi>
	</resolution>
	<margins>
	    <general>
		<unit>pt</unit>
		<top>11.34</top>
		<bottom>11.34</bottom>
		<left>11.34</left>
		<right>11.34</right>
	    </general>
	</margins>
<!--
	<consumables>
	    <comments> <en>
		Toner Cyan (1000 prints) - $45
		Toner Magenta (1000 prints) - $45
		Toner Yellow (1000 prints) - $45
		Toner Black (2000 prints) - $54
		Waste Toner (5000 prints) - $10
		Drum Kit (20000 prints) - $159
	    </en> </comments>
	    <partno>106R01271</partno>
	    <partno>106R01272</partno>
	    <partno>106R01273</partno>
	    <partno>106R01274</partno>
	    <partno>108R00722</partno>
	    <partno>108R00744</partno>
	</consumables>
-->
    </mechanism>
    <url>https://www.epson.co.uk/gb/en/viewcon/corporatesite/products/mainunits/overview/10820</url>
    <lang>
	<proprietary/>
	<!--no pjl--><!--No "text"?-->
    </lang>
    <autodetect>
<!--
        <parallel>
            <ieee1284>MFG:Xerox;CMD:SPLC;MDL:Phaser 6110;CLS:PRINTER;STATUS:BUSY;</ieee1284>
            <manufacturer>Xerox</manufacturer>
            <model>Phaser 6110</model>
            <commandset>SPLC</commandset>
        </parallel>
-->
	<snmp>
	    <description>Epson AcuLaser CX17NF</description>
	</snmp>
    </autodetect>
    <functionality>C</functionality>
    <driver>foo2hbpl2</driver>
    <!--not "unverified"--><!--no "contrib_url"-->
    <comments> <en>

	The Epson AcuLaser CX17NF is a color multifunction printer with
	a 2013 street price of $505.

	These printers are supported by the foo2hbpl2 open software printer
	driver.

    </en> </comments>
</printer>
