<printer id="printer/HP-LaserJet_M1005_MFP">
  <make>HP</make>
  <model>LaserJet M1005 MFP</model>
  <mechanism>
    <laser/><!--not "color"-->
    <resolution>
      <dpi>
        <x>600</x>
        <y>600</y>
      </dpi>
    </resolution>
    <margins>
	<general>
	    <unit>mm</unit>
	    <top>4</top>
	    <bottom>4</bottom>
	    <left>4</left>
	    <right>4</right>
	</general>
    </margins>
    <consumables>
      <comments>
        <en>Cartridge containing toner and imaging drum</en>
      </comments>
    <!--one or more "partno" elements.--></consumables>
  </mechanism>
  <url>http://h20015.www2.hp.com/en/document.jhtml?lc=en&amp;docName=bpl12705</url>
  <lang>
    <proprietary/>
  <!--no pjl--><!--No "text"?--></lang>
  <autodetect>
	<parallel>
	    <ieee1284>MFG:Hewlett-Packard;MDL:HP LaserJet M1005;CMD:ACL;CLS:PRINTER;DES:HP LaserJet M1005;FWVER:20060721;</ieee1284>
            <manufacturer>Hewlett-Packard</manufacturer>
	    <model>HP LaserJet M1005</model>
	    <commandset>XQX</commandset>
	</parallel>
  </autodetect>
  <functionality>B</functionality>
  <driver>foo2xqx</driver>
  <!--no "contrib_url"-->
  <comments>
    <en>

    This printer is supported by the foo2xqx free software printer driver.
    &lt;p&gt;

    </en>
  </comments>
</printer>
