<printer id="printer/HP-LaserJet_P2035">
  <make>HP</make>
  <model>LaserJet P2035</model>
  <mechanism>
    <laser/><!--not "color"-->
    <resolution>
      <dpi>
        <x>600</x>
        <y>600</y>
      </dpi>
    </resolution>
    <margins>
	<general>
	    <unit>mm</unit>
	    <top>4</top>
	    <bottom>4</bottom>
	    <left>4</left>
	    <right>4</right>
	</general>
    </margins>
    <consumables>
      <comments> <en>
	Print cartridge (2000 prints) - $89
      </en></comments>
      <partno>CE505</partno>
    </consumables>
  </mechanism>
  <url>http://h10010.www1.hp.com/wwpc/us/en/en/WF06b/18972-18972-3328059-14638-236263-3662025-3662026-3662038.html</url>
  <lang>
    <proprietary/>
    <!--no pjl--><!--No "text"?-->
  </lang>
  <autodetect>
	<parallel>
	    <ieee1284>MFG:Hewlett-Packard;MDL:HP LaserJet P2035;CMD:ACL;CLS:PRINTER;DES:HP LaserJet P2035;</ieee1284>
            <manufacturer>Hewlett-Packard</manufacturer>
	    <model>HP LaserJet P2035</model>
	    <commandset>ACL</commandset>
	</parallel>
  </autodetect>
  <functionality>B</functionality>
  <driver>foo2zjs-z1</driver>
  <!--no "contrib_url"-->
  <comments>
    <en>

    This printer is supported by the foo2zjs free software printer driver.
    &lt;p&gt;

    The printer is faster than the LaserJet 1020 and has a USB
    or an optional network connection. It has 16 MB of RAM.&lt;p&gt;

    </en>
  </comments>
</printer>
