<printer id="printer/KONICA_MINOLTA-magicolor_1680MF">
    <make>KONICA MINOLTA</make>
    <model>magicolor 1680MF</model>
    <mechanism>
	<laser/>
	<color/>
	<resolution>
	    <dpi>
		<x>1200</x>
		<y>600</y>
	    </dpi>
	</resolution>
	<margins>
	    <general>
		<unit>mm</unit>
		<top>4</top>
		<bottom>4</bottom>
		<left>4</left>
		<right>4</right>
	    </general>
	</margins>
	<consumables>
	    <comments> <en>
		Toner Black (4500 prints) - $79
		Toner Yellow (4500 prints) - $119
		Toner Magenta (4500 prints) - $119
		Toner Cyan (4500 prints) - $119
		Drum Cartridge (45000 prints) - $149
	    </en> </comments>
	    <partno>1710587-004</partno>
	    <partno>1710587-005</partno>
	    <partno>1710587-006</partno>
	    <partno>1710587-007</partno>
	    <partno>1710591-001</partno>
	</consumables>
    </mechanism>
    <url>http://kmbs.konicaminolta.us/content/products/models/magicolor1680MF.html</url>
    <lang>
	<proprietary/>
	<!--no pjl--><!--No "text"?-->
    </lang>
    <autodetect>
	<parallel>
	    <ieee1284>MFG:KONICA MINOLTA;CMD:ZJS,PJL,LAVAFLOW;MDL:mc1680MF;CLS:PRINTER;DES:KONICA MINOLTA mc1680MF;</ieee1284>
	    <manufacturer>KONICA MINOLTA</manufacturer>
	    <model>mc1680MF</model>
	    <commandset>ZJS,PJL,LAVAFLOW</commandset>
	</parallel>
	<snmp>
	    <description>KONICA MINOLTA magicolor 1680MF</description>
	</snmp>
    </autodetect>
    <functionality>B</functionality>
    <driver>foo2lava</driver>
    <!--not "unverified"--><!--no "contrib_url"-->
    <comments> <en>

	The magicolor 1680MF is a USB color laser AIO with a
	2009 street price of $294 USD.  This printer is supported
	by the foo2lava open software printer driver.

    </en> </comments>
</printer>
