<printer id="printer/Xerox-Phaser_6121MFP">
    <make>Xerox</make>
    <model>Phaser 6121MFP</model>
    <mechanism>
	<laser/>
	<color/>
	<resolution>
	    <dpi>
		<x>1200</x>
		<y>600</y>
	    </dpi>
	</resolution>
	<margins>
	    <general>
		<unit>mm</unit>
		<top>4</top>
		<bottom>4</bottom>
		<left>4</left>
		<right>4</right>
	    </general>
	</margins>
	<consumables>
	    <comments> <en>
		Toner Black (4500 prints) - $79
		Toner Yellow (4500 prints) - $119
		Toner Magenta (4500 prints) - $119
		Toner Cyan (4500 prints) - $119
		Drum Cartridge (45000 prints) - $149
	    </en> </comments>
	    <partno>1710587-004</partno>
	    <partno>1710587-005</partno>
	    <partno>1710587-006</partno>
	    <partno>1710587-007</partno>
	    <partno>1710591-001</partno>
	</consumables>
    </mechanism>
    <url>http://www.xerox.co.uk/office/multifunction-printer/colour-multifunction/phaser-6121mfp/engb.html</url>
    <lang>
	<proprietary/>
	<!--no pjl--><!--No "text"?-->
    </lang>
    <autodetect>
	<!-- <parallel>
	    <ieee1284>MFG:KONICA MINOLTA;CMD:ZJS,PJL,LAVAFLOW;MDL:mc1690MF;CLS:PRINTER;DES:KONICA MINOLTA mc1690MF;</ieee1284>
	    <manufacturer>KONICA MINOLTA</manufacturer>
	    <model>mc1690MF</model>
	    <commandset>ZJS,PJL,LAVAFLOW</commandset>
	</parallel> -->
	<snmp>
	    <description>Xerox Phaser 6121MFP</description>
	</snmp>
    </autodetect>
    <functionality>B</functionality>
    <driver>foo2lava</driver>
    <!--not "unverified"--><!--no "contrib_url"-->
    <comments> <en>

	The magicolor 1690MF is a network color laser AIO with a
	2009 street price of $300 USD.  This printer is supported
	by the foo2lava open software printer driver.

	It is also OEM'ed by Xerox.

    </en> </comments>
</printer>
